<?xml version="1.0" encoding="UTF-8"?>
<beans  xmlns="http://www.springframework.org/schema/beans"
    xmlns:xsi="http://www.w3.org/2001/XMLSchema-instance"
	xmlns:aop="http://www.springframework.org/schema/aop"
	xmlns:context="http://www.springframework.org/schema/context"
	xmlns:mvc="http://www.springframework.org/schema/mvc"
	xmlns:tx="http://www.springframework.org/schema/tx"
	xsi:schemaLocation="http://www.springframework.org/schema/mvc http://www.springframework.org/schema/mvc/spring-mvc-4.3.xsd
		http://www.springframework.org/schema/beans http://www.springframework.org/schema/beans/spring-beans-4.3.xsd
		http://www.springframework.org/schema/context http://www.springframework.org/schema/context/spring-context-4.3.xsd
		http://www.springframework.org/schema/aop http://www.springframework.org/schema/aop/spring-aop-4.3.xsd
		http://www.springframework.org/schema/tx http://www.springframework.org/schema/tx/spring-tx-4.3.xsd">
		
	<context:component-scan base-package="com.qst.yunpan"/>
	<mvc:annotation-driven></mvc:annotation-driven>
	<!-- <mvc:interceptors>
		<mvc:interceptor>
			<mvc:mapping path="/**"/>
			<bean class="com.qst.yunpan.interceptor.LoignInterceptor"></bean>
		</mvc:interceptor>
	</mvc:interceptors> -->
	
	<bean id="multipartResolver" class="org.springframework.web.multipart.commons.CommonsMultipartResolver">
		<property name="maxUploadSize">
			<value>509715200</value>
		</property>
	</bean>
	<bean
		class="org.springframework.web.servlet.view.InternalResourceViewResolver">
			<property name="viewClass"
			value="org.springframework.web.servlet.view.JstlView"></property>
			<property name="prefix" value="/WEB-INF/jsp/"/>
			<property name="suffix" value=".jsp"/>
	</bean>
</beans>